Built,n,prop
3.5.0,9,0.060810810810810814
3.5.1,136,0.918918918918919
3.5.2,3,0.02027027027027027
