Built,n,prop
3.5.0,9,0.06040268456375839
3.5.1,136,0.912751677852349
3.5.2,4,0.026845637583892617
